#"+ESI Scan (7.951-10.604 min, 161 Scans) Frag=175.0V sk_vip_95FA_95degrees_3h_241101_T01.d  Deconvoluted "
#Point,X(Thompsons),Y(Counts)
0,57.0534,129.882186889648
1,58.0386,111.066833496094
2,68.0395,104.061546325684
3,71.0685,126.899520874023
4,71.9256,108.74095916748
5,73.0843,313.710571289063
6,76.0263,217.522994995117
7,80.0565,158.538009643555
8,94.0695,182.927780151367
9,96.0517,1096.66369628906
10,96.9564,135.366394042969
11,97.0608,123.766059875488
12,98.0355,419.892730712891
13,98.0713,247.620162963867
14,98.9353,108.885559082031
15,100.0464,604.393737792969
16,101.1143,28140.560546875
17,101.2074,743.624694824219
18,102.1175,2129.27172851563
19,104.0397,189.590255737305
20,104.0617,186.0966796875
21,106.0666,255.658096313477
22,107.0628,120.556007385254
23,108.0560,1378.11096191406
24,109.0582,227.492813110352
25,110.0445,826.71533203125
26,110.0731,737.872985839844
27,111.0568,129.920227050781
28,112.0498,493.02783203125
29,112.9503,156.873886108398
30,113.0744,188.236328125
31,114.0599,1246.486328125
32,114.9489,153.499313354492
33,115.0630,126.897926330566
34,117.0784,188.758743286133
35,117.1141,113.064247131348
36,118.0709,246.174240112305
37,119.0658,383.626007080078
38,120.0828,675.654296875
39,121.0813,494.532409667969
40,122.0669,2904.44995117188
41,123.0710,523.960815429688
42,124.0541,666.465881347656
43,126.0606,766.826354980469
44,128.0627,177.835983276367
45,129.1442,214.887084960938
46,130.0570,423.089141845703
47,131.0639,222.723297119141
48,132.0674,141.730987548828
49,134.0619,222.637420654297
50,134.1063,143.02326965332
51,135.0663,182.846450805664
52,136.0788,636.422241210938
53,137.0760,200.178421020508
54,138.0700,794.036926269531
55,138.1030,527.181030273438
56,140.0745,652.26171875
57,142.0796,225.171127319336
58,144.0642,116.706405639648
59,146.0701,148.816467285156
60,146.1057,103.939575195313
61,148.0250,871.887756347656
62,148.0908,289.132110595703
63,149.0341,134.055206298828
64,149.1069,254.78955078125
65,150.0652,362.532897949219
66,150.1054,255.201538085938
67,152.0719,522.45703125
68,154.0695,488.391906738281
69,154.0981,448.121185302734
70,156.0773,200.237045288086
71,158.0871,108.257843017578
72,160.0867,126.854949951172
73,162.0898,209.231643676758
74,164.0793,508.560302734375
75,165.0740,120.363021850586
76,166.0883,646.794067382813
77,168.0709,3139.92114257813
78,169.0756,362.104705810547
79,170.0854,312.561401367188
80,172.0822,151.00520324707
81,174.0917,104.849258422852
82,176.0856,205.561279296875
83,176.1172,158.887573242188
84,178.0921,431.868286132813
85,180.0828,430.030334472656
86,180.1156,309.946746826172
87,182.0859,760.169067382813
88,183.0882,114.399299621582
89,184.0915,457.524505615234
90,185.0959,107.604270935059
91,185.2046,174.067337036133
92,186.0839,191.360260009766
93,190.0941,181.205261230469
94,192.0998,253.416717529297
95,193.1013,111.106369018555
96,194.1007,358.491577148438
97,196.0951,231.731262207031
98,198.0850,238.531326293945
99,200.0924,216.109573364258
100,201.0894,105.20979309082
101,202.0959,121.131843566895
102,204.1026,159.330429077148
103,206.1007,155.11344909668
104,208.0995,310.717681884766
105,210.0901,295.83544921875
106,210.1244,217.739700317383
107,212.0931,196.775695800781
108,214.0989,177.733703613281
109,216.0966,131.481643676758
110,218.1120,142.846664428711
111,220.1089,170.69694519043
112,220.1475,118.389236450195
113,222.0967,236.847366333008
114,223.1119,238.055023193359
115,224.1007,284.158477783203
116,226.1109,571.115844726563
117,227.1159,255.692886352539
118,228.1071,164.469909667969
119,232.1087,110.323623657227
120,234.1154,149.398208618164
121,236.1027,329.224609375
122,236.1401,247.091430664063
123,238.1138,269.745269775391
124,240.1140,222.310546875
125,242.1047,304.523864746094
126,244.1298,233.180465698242
127,246.1365,159.989883422852
128,248.1260,134.530059814453
129,250.1198,317.674011230469
130,252.1253,214.872283935547
131,254.1151,334.818145751953
132,255.1239,110.34236907959
133,256.1167,156.826446533203
134,258.1108,118.231155395508
135,261.1441,126.969367980957
136,264.1315,152.168685913086
137,266.1258,365.834075927734
138,268.1264,256.100708007813
139,270.1201,160.204437255859
140,272.1178,349.129699707031
141,273.1287,136.421447753906
142,276.1386,112.807518005371
143,277.1438,355.730133056641
144,278.1404,188.307434082031
145,280.1261,183.268432617188
146,282.1278,290.713012695313
147,284.1276,154.389923095703
148,286.1290,197.033706665039
149,288.1365,110.92822265625
150,289.1432,1883.18896484375
151,290.1485,377.498657226563
152,291.1515,172.92756652832
153,292.1547,132.077224731445
154,294.1255,288.961578369141
155,296.1418,182.080078125
156,298.1249,164.489044189453
157,300.1329,141.473220825195
158,302.1257,193.781982421875
159,303.1540,270.180480957031
160,305.1542,148.337493896484
161,306.1580,101.884963989258
162,307.1577,155.131637573242
163,308.1487,164.623657226563
164,310.1364,184.907424926758
165,312.1418,222.749496459961
166,314.1419,146.906112670898
167,317.1700,272.525543212891
168,318.1660,110.139770507813
169,319.1589,128.920349121094
170,321.1474,158.812805175781
171,322.1489,124.156578063965
172,323.1711,256.960083007813
173,324.1627,186.394653320313
174,326.1497,149.919311523438
175,328.1419,179.982467651367
176,330.1539,169.381866455078
177,331.1665,143.518478393555
178,333.1674,167.388671875
179,335.1804,411.433715820313
180,336.1759,144.291259765625
181,337.1783,119.080642700195
182,338.1576,109.188255310059
183,340.1534,176.518646240234
184,341.1841,203.20979309082
185,342.1581,164.781326293945
186,344.1537,150.426010131836
187,345.1646,252.341415405273
188,346.1613,117.643051147461
189,347.1810,359.028747558594
190,348.1788,118.566879272461
191,349.1868,237.523010253906
192,350.1830,113.156867980957
193,351.1816,231.411575317383
194,352.1682,137.612075805664
195,354.1604,143.263702392578
196,356.1461,135.266738891602
197,358.1624,117.437698364258
198,360.1661,107.052268981934
199,361.1906,188.370346069336
200,363.1811,187.570159912109
201,364.1816,101.357948303223
202,365.1787,175.267929077148
203,366.1745,125.068382263184
204,367.1746,141.91780090332
205,368.1767,138.950775146484
206,369.1854,181.670166015625
207,370.1745,135.835189819336
208,375.1974,128.453521728516
209,377.1915,240.005020141602
210,379.1944,152.656875610352
211,381.2050,333.7734375
212,382.1892,142.33659362793
213,384.1751,114.079971313477
214,385.2111,132.572082519531
215,386.1822,176.477615356445
216,390.2293,107.485679626465
217,391.2045,136.12744140625
218,393.2060,166.387008666992
219,395.1947,139.645584106445
220,397.2059,194.000900268555
221,398.1929,139.678604125977
222,402.1814,134.485687255859
223,405.2100,144.315765380859
224,407.2084,153.135665893555
225,409.2156,455.795227050781
226,410.2039,159.180541992188
227,411.2115,135.530822753906
228,414.1855,119.021705627441
229,418.2042,109.500900268555
230,419.2215,110.706832885742
231,421.2145,106.300437927246
232,423.2133,134.409652709961
233,425.2161,126.728286743164
234,427.2255,163.871841430664
235,428.2058,104.000907897949
236,435.2167,103.823097229004
237,436.2191,396.894653320313
238,437.2243,223.233520507813
239,438.1827,124.80362701416
240,439.2187,120.845741271973
241,441.2165,106.997245788574
242,444.2504,286.304412841797
243,445.2464,125.377799987793
244,446.2093,220.409240722656
245,447.2270,160.981979370117
246,451.2288,107.843315124512
247,453.2316,126.633438110352
248,455.2333,626.452453613281
249,456.2284,197.122711181641
250,457.2326,114.641006469727
251,459.2426,122.601043701172
252,464.2159,1103.89367675781
253,465.2227,366.267059326172
254,466.2066,133.60237121582
255,467.2429,130.921920776367
256,471.2442,117.968734741211
257,472.2523,1415.92260742188
258,473.2520,430.599029541016
259,474.2264,219.981002807617
260,475.2432,143.712539672852
261,479.2432,126.171485900879
262,481.2420,143.016967773438
263,483.2379,357.597290039063
264,484.2371,148.496932983398
265,485.2424,112.795066833496
266,486.2121,108.861656188965
267,487.2450,131.777648925781
268,489.2462,127.480819702148
269,491.2377,102.911376953125
270,493.2537,166.521148681641
271,494.2372,177.297866821289
272,494.8563,114.573295593262
273,495.2493,143.36979675293
274,499.2585,236.51106262207
275,499.4306,173.433441162109
276,500.2486,1822.65026855469
277,500.4579,130.860153198242
278,501.2516,587.828369140625
279,502.2551,564.899780273438
280,502.4432,269.486450195313
281,503.2648,156.543579101563
282,506.7657,181.365219116211
283,508.2443,135.079498291016
284,512.2504,115.294174194336
285,513.2583,110.976387023926
286,514.2568,141.382751464844
287,517.2574,107.89916229248
288,518.2405,103.517486572266
289,521.2665,104.053268432617
290,524.2625,116.346672058105
291,526.2438,137.716018676758
292,529.2730,144.146011352539
293,531.2681,128.312744140625
294,533.2496,259.852447509766
295,534.2449,121.703025817871
296,537.2376,125.886489868164
297,538.2548,123.382820129395
298,539.2833,166.155242919922
299,541.2663,102.349021911621
300,543.2697,103.944610595703
301,545.2726,122.632995605469
302,546.2776,105.675827026367
303,547.2924,138.567260742188
304,548.2834,127.821380615234
305,549.2755,119.560173034668
306,550.2752,106.80793762207
307,551.0754,117.742340087891
308,551.2476,1603.44470214844
309,552.2566,580.594909667969
310,553.2699,201.105392456055
311,554.2722,159.938522338867
312,555.2745,117.09220123291
313,556.2755,130.982696533203
314,559.2907,424.406341552734
315,559.5117,229.828903198242
316,561.2407,542.789733886719
317,562.2619,335.895294189453
318,562.4426,222.233734130859
319,569.2842,213.310073852539
320,571.2843,163.470397949219
321,572.2766,122.967750549316
322,574.2848,191.855133056641
323,575.2868,282.737945556641
324,576.2946,134.041900634766
325,576.5031,138.138793945313
326,578.2744,210.823684692383
327,579.2432,3215.408203125
328,580.2496,1135.67407226563
329,580.6774,204.951904296875
330,581.2592,329.690582275391
331,582.1015,205.438659667969
332,582.2873,221.673538208008
333,583.2790,126.577507019043
334,584.2840,142.750183105469
335,586.2930,286.92578125
336,587.8700,230.685577392578
337,588.2955,180.711151123047
338,589.2709,150.605285644531
339,590.2956,169.865768432617
340,592.0826,205.168930053711
341,593.7030,277.440612792969
342,593.9114,249.294082641602
343,596.2907,300.709991455078
344,596.4915,222.053848266602
345,597.9106,210.381118774414
346,598.3040,414.621002197266
347,600.3004,256.008941650391
348,602.0892,290.213897705078
349,602.2905,290.555114746094
350,604.2924,231.14860534668
351,606.7007,277.633422851563
352,606.8999,426.558410644531
353,607.2424,2001.75268554688
354,607.5031,282.416809082031
355,611.3117,596.214416503906
356,611.5294,397.531158447266
357,612.3061,303.654693603516
358,612.5353,289.783630371094
359,616.5186,658.169860839844
360,616.7030,342.150695800781
361,619.3147,1385.42895507813
362,619.5150,2180.04907226563
363,619.9217,2006.966796875
364,621.3186,319.637634277344
365,622.3121,216.617248535156
366,623.8361,388.611755371094
367,624.0834,236.460357666016
368,624.2714,1057.44360351563
369,625.2950,600.821105957031
370,626.2966,268.417419433594
371,628.3236,547.471130371094
372,632.3142,246.684219360352
373,632.5912,181.472503662109
374,633.1142,259.741088867188
375,633.3095,248.744369506836
376,635.3260,562.044067382813
377,635.5771,319.788360595703
378,636.3188,222.41845703125
379,636.5727,411.838836669922
380,637.0796,488.630584716797
381,637.5678,231.119415283203
382,639.3155,182.503173828125
383,640.3196,187.362930297852
384,643.3214,193.776397705078
385,646.3198,169.423095703125
386,650.3269,283.364227294922
387,651.3318,199.564239501953
388,657.3194,280.858795166016
389,659.5319,253.061447143555
390,660.3277,190.034561157227
391,664.0871,233.124542236328
392,665.3362,362.840454101563
393,665.5454,218.78727722168
394,665.7136,227.302764892578
395,666.3270,236.428863525391
396,667.5423,247.198959350586
397,670.1094,260.017974853516
398,671.5418,319.073669433594
399,677.3301,400.966186523438
400,679.3388,472.017395019531
401,679.5403,269.443267822266
402,683.1264,348.414886474609
403,683.3349,319.354644775391
404,684.9231,467.206085205078
405,688.7064,417.515563964844
406,690.3329,574.8798828125
407,690.5402,420.609283447266
408,690.7341,324.983764648438
409,691.1146,249.898391723633
410,691.3335,321.204742431641
411,694.3446,396.137237548828
412,695.5404,408.340362548828
413,695.9234,252.684600830078
414,698.0612,220.725463867188
415,699.6517,446.602478027344
416,702.3239,377.5390625
417,704.3440,262.980163574219
418,708.3542,217.493179321289
419,711.3611,406.73681640625
420,712.3221,400.656433105469
421,712.6347,225.590057373047
422,715.5642,246.78857421875
423,717.0674,435.002685546875
424,717.3596,553.367248535156
425,718.3766,551.18994140625
426,719.3678,555.404174804688
427,719.6280,258.732482910156
428,720.9343,586.508605957031
429,721.3590,463.553527832031
430,721.6055,308.244049072266
431,722.3457,201.378051757813
432,723.8702,344.272827148438
433,726.3619,930.690002441406
434,726.5827,483.354675292969
435,726.7771,346.036865234375
436,728.1089,441.759490966797
437,728.3738,431.127624511719
438,729.3650,188.538070678711
439,730.3323,303.413696289063
440,731.3352,219.761856079102
441,733.1103,323.437255859375
442,733.3628,286.149383544922
443,735.1223,449.513031005859
444,735.6701,231.421524047852
445,741.8738,543.097961425781
446,742.3790,420.331848144531
447,742.8801,256.727111816406
448,745.8247,605.578308105469
449,747.3829,403.870880126953
450,750.3746,315.962982177734
451,751.0871,205.269058227539
452,752.8611,491.062530517578
453,754.6847,918.387878417969
454,757.3759,615.718811035156
455,757.6167,408.040832519531
456,759.6306,418.374328613281
457,762.1074,535.968627929688
458,764.3901,964.459411621094
459,764.6576,612.403442382813
460,764.8862,420.523986816406
461,765.1132,371.099182128906
462,769.1260,569.673583984375
463,771.6433,612.872192382813
464,773.6783,297.438995361328
465,773.8806,306.670196533203
466,776.3772,338.11865234375
467,779.3936,348.376159667969
468,779.8792,245.855041503906
469,780.1174,235.818344116211
470,780.3876,261.936828613281
471,780.8885,239.604949951172
472,782.9086,374.416687011719
473,786.3727,263.810638427734
474,788.1465,363.857635498047
475,788.3966,705.284057617188
476,788.7363,536.784484863281
477,789.1199,596.1494140625
478,789.4055,515.902709960938
479,789.6712,293.663421630859
480,790.1239,224.876724243164
481,791.8932,281.669708251953
482,793.4002,237.72673034668
483,794.5993,338.399230957031
484,795.3792,202.026596069336
485,797.1387,188.127410888672
486,797.8944,253.96028137207
487,798.8968,301.712280273438
488,799.5976,354.445159912109
489,799.9847,364.798461914063
490,800.1577,279.023773193359
491,800.3918,271.992767333984
492,803.3565,642.827453613281
493,804.3551,305.93896484375
494,809.0998,222.055160522461
495,809.3985,247.542907714844
496,810.1372,201.475204467773
497,810.3972,228.027587890625
498,810.7708,228.314727783203
499,812.1175,263.464965820313
500,812.4069,311.193389892578
501,812.6728,232.77880859375
502,813.3282,542.335693359375
503,814.3370,286.062896728516
504,814.8259,191.973434448242
505,815.1176,324.071136474609
506,815.4067,322.772521972656
507,816.9150,255.564361572266
508,822.4150,328.457824707031
509,823.1057,186.740051269531
510,823.4122,191.33967590332
511,823.6646,300.576995849609
512,824.1401,520.745788574219
513,824.7279,375.836120605469
514,825.1227,381.485290527344
515,825.4182,311.200500488281
516,826.1309,375.360534667969
517,828.4297,445.627838134766
518,829.4140,334.528228759766
519,829.7397,245.242340087891
520,831.3763,1013.65814208984
521,831.7506,440.443084716797
522,832.1276,473.618316650391
523,832.3840,528.107116699219
524,833.7008,612.017272949219
525,834.4202,590.984130859375
526,834.7199,319.773223876953
527,835.1178,275.311950683594
528,835.4212,276.282836914063
529,839.1494,601.409362792969
530,842.1268,436.909637451172
531,842.3663,381.118011474609
532,844.4200,617.275512695313
533,844.9231,2290.99072265625
534,847.1135,1043.79211425781
535,849.4316,1139.22277832031
536,849.7931,653.03857421875
537,853.9047,596.708312988281
538,854.1056,655.074951171875
539,854.9239,5741.06201171875
540,856.1243,1734.53674316406
541,856.7602,808.024963378906
542,858.1363,793.894470214844
543,858.4244,822.616760253906
544,860.8986,658.922485351563
545,861.1309,567.721801757813
546,863.1388,921.801574707031
547,863.4225,871.822998046875
548,863.7714,1680.92565917969
549,864.1152,2482.50146484375
550,864.4375,2245.5576171875
551,864.7686,1343.21081542969
552,865.1222,926.689758300781
553,865.4332,1035.328125
554,867.9087,556.651916503906
555,868.1180,542.082153320313
556,876.1335,628.519836425781
557,876.4289,539.03466796875
558,876.6975,340.850769042969
559,876.9172,313.419006347656
560,877.1431,394.451354980469
561,877.4303,433.349517822266
562,883.4395,555.445434570313
563,886.7249,361.69140625
564,887.1575,351.429229736328
565,887.4423,345.48291015625
566,887.7211,244.702453613281
567,888.1577,258.015655517578
568,888.4379,315.141937255859
569,889.7260,269.133392333984
570,890.1448,218.967514038086
571,890.4342,310.787902832031
572,890.7440,244.962615966797
573,894.4502,531.782592773438
574,894.7449,375.192840576172
575,895.1430,327.227813720703
576,895.4416,297.236053466797
577,897.1650,234.056503295898
578,897.4411,220.907501220703
579,900.4001,772.910278320313
580,900.9566,971.385925292969
581,901.4309,699.2314453125
582,902.1386,298.978820800781
583,902.4313,305.873718261719
584,903.1610,237.918594360352
585,903.4482,371.1865234375
586,903.7382,349.545349121094
587,905.4478,179.214645385742
588,906.4485,177.094879150391
589,910.3780,275.852935791016
590,910.7225,219.433471679688
591,911.4453,283.966125488281
592,918.3621,1135.66662597656
593,919.3693,584.057922363281
594,920.4133,281.107391357422
595,928.3448,1191.09497070313
596,929.3492,625.836181640625
597,930.0582,218.442932128906
598,930.4148,273.378387451172
599,931.4561,208.321960449219
600,935.4567,210.672409057617
601,937.4555,258.450286865234
602,939.4617,299.887817382813
603,943.1532,212.090713500977
604,946.3604,1570.98937988281
605,946.7350,313.378021240234
606,946.9237,260.661590576172
607,947.3606,816.456726074219
608,948.3730,296.937561035156
609,950.4666,232.732788085938
610,955.8037,183.347717285156
611,956.3445,854.365173339844
612,956.8056,208.336578369141
613,957.3491,470.184295654297
614,957.9213,300.270294189453
615,962.1511,292.172180175781
616,962.4740,253.380676269531
617,964.4787,191.109329223633
618,971.4811,260.979705810547
619,972.4784,213.911666870117
620,974.3500,842.507934570313
621,975.3782,451.685577392578
622,977.1563,539.362182617188
623,977.4815,469.296508789063
624,977.8137,311.205291748047
625,983.4959,256.2587890625
626,989.1696,654.554016113281
627,989.5039,543.326721191406
628,989.8434,409.661315917969
629,993.1961,566.608093261719
630,993.5009,491.511962890625
631,1000.2009,552.761291503906
632,1001.1589,212.890426635742
633,1001.5036,255.270919799805
634,1006.4960,718.552429199219
635,1006.7931,574.252136230469
636,1009.8510,492.627471923828
637,1010.1896,378.236755371094
638,1010.5097,295.828338623047
639,1013.1782,458.428558349609
640,1016.1755,524.992797851563
641,1017.5196,190.076736450195
642,1018.5038,170.162170410156
643,1019.1880,728.453979492188
644,1019.5207,639.439514160156
645,1019.8559,438.627136230469
646,1025.5097,619.86474609375
647,1028.5217,808.8603515625
648,1028.8579,716.41943359375
649,1029.1923,632.830261230469
650,1034.8482,538.045104980469
651,1037.5225,692.788696289063
652,1039.5177,397.738250732422
653,1040.5219,107.936302185059
654,1041.1701,442.084777832031
655,1041.5695,115.016624450684
656,1043.8539,518.424499511719
657,1044.1811,353.341766357422
658,1044.4825,156.315582275391
659,1045.5205,924.455139160156
660,1045.8538,611.604125976563
661,1047.5237,431.079071044922
662,1047.8543,302.257507324219
663,1048.1858,233.071807861328
664,1048.5181,215.923416137695
665,1053.1880,300.912689208984
666,1053.5181,265.237121582031
667,1054.1764,207.652679443359
668,1055.5304,350.454833984375
669,1057.5231,170.146301269531
670,1058.5179,162.510299682617
671,1069.5242,246.862487792969
672,1072.5263,189.006988525391
673,1075.2000,189.030715942383
674,1075.5314,212.28434753418
675,1077.5548,293.775146484375
676,1078.1121,242.144287109375
677,1078.5585,283.036834716797
678,1081.5351,232.659454345703
679,1082.5147,182.871429443359
680,1083.5263,198.157379150391
681,1085.5365,188.243881225586
682,1091.5410,261.632476806641
683,1092.1443,189.710174560547
684,1092.5535,253.993316650391
685,1094.2074,259.257141113281
686,1094.5394,248.131866455078
687,1096.5220,172.761810302734
688,1097.5321,163.591232299805
689,1099.5458,308.260437011719
690,1099.8783,277.621124267578
691,1100.2109,273.900390625
692,1100.5441,245.175094604492
693,1102.5351,272.413879394531
694,1104.5420,236.443130493164
695,1106.5546,242.069747924805
696,1108.8803,347.465515136719
697,1109.2102,353.778289794922
698,1109.5483,347.322113037109
699,1109.8856,274.569793701172
700,1110.2110,253.306106567383
701,1110.5380,236.010116577148
702,1112.5550,380.339538574219
703,1112.8834,278.364471435547
704,1113.2122,234.68408203125
705,1113.5458,213.51171875
706,1115.5805,205.797500610352
707,1116.5642,465.273620605469
708,1118.5574,692.791625976563
709,1118.8884,503.225189208984
710,1119.2167,378.644927978516
711,1119.5510,319.965393066406
712,1119.8835,230.097961425781
713,1120.2077,209.335189819336
714,1120.5622,647.7578125
715,1120.8964,1263.7412109375
716,1121.2284,1622.67041015625
717,1121.5629,1439.62341308594
718,1121.8920,976.274597167969
719,1122.2235,658.118591308594
720,1122.5549,419.208099365234
721,1122.8884,288.456237792969
722,1123.2165,247.224258422852
723,1123.5529,237.472503662109
724,1126.2140,365.258178710938
725,1128.8927,499.034057617188
726,1129.2017,385.822143554688
727,1129.5733,379.737884521484
728,1132.2217,553.991149902344
729,1132.5597,448.687622070313
730,1132.8947,368.918701171875
731,1135.2191,517.041198730469
732,1135.5558,452.154327392578
733,1138.5557,589.616882324219
734,1138.8886,442.925567626953
735,1141.5598,765.443237304688
736,1141.8936,584.617004394531
737,1142.2256,493.323364257813
738,1142.5599,598.120849609375
739,1142.8899,928.244750976563
740,1143.2205,1172.44250488281
741,1143.5578,1184.17858886719
742,1143.8871,872.062316894531
743,1144.2173,670.972106933594
744,1144.5605,563.287170410156
745,1144.8911,470.006317138672
746,1147.8899,665.218139648438
747,1149.2253,3782.05200195313
748,1149.5588,3326.34545898438
749,1151.2252,641.498901367188
750,1151.5618,567.948486328125
751,1153.5576,517.2509765625
752,1153.8909,493.648223876953
753,1154.2220,518.0478515625
754,1157.2220,591.504760742188
755,1159.8939,646.236328125
756,1160.2275,581.168762207031
757,1160.5634,559.850524902344
758,1160.8941,454.723999023438
759,1161.2273,387.171997070313
760,1161.5613,395.684509277344
761,1161.8891,397.584197998047
762,1162.2228,392.679229736328
763,1162.5606,402.690490722656
764,1166.5594,418.358245849609
765,1168.5624,553.148803710938
766,1168.8975,432.195617675781
767,1169.2304,435.060180664063
768,1169.5700,421.427062988281
769,1169.8998,372.131256103516
770,1170.2279,316.664703369141
771,1170.5650,282.667266845703
772,1170.9064,268.887908935547
773,1171.2362,286.587219238281
774,1171.5737,293.529479980469
775,1175.2335,406.454681396484
776,1175.5666,373.572357177734
777,1175.9000,261.678100585938
778,1177.5645,301.552673339844
779,1179.5729,231.69221496582
780,1183.6625,279.260101318359
781,1184.6209,187.696762084961
782,1188.5896,246.299331665039
783,1190.5984,283.007446289063
784,1192.9243,312.716735839844
785,1193.2525,315.601135253906
786,1193.5871,343.624084472656
787,1193.9182,279.405975341797
788,1196.2527,230.795852661133
789,1198.6135,275.857543945313
790,1202.5969,347.816467285156
791,1202.9191,261.639312744141
792,1203.2354,242.93196105957
793,1203.5907,231.641998291016
794,1205.6034,316.876129150391
795,1205.9261,275.453674316406
796,1206.2416,269.40869140625
797,1206.5891,246.454788208008
798,1206.9251,207.332794189453
799,1211.6237,700.272033691406
800,1212.1737,386.6142578125
801,1212.6166,278.428802490234
802,1213.6047,291.591857910156
803,1213.9276,279.478546142578
804,1214.2540,278.331909179688
805,1214.5974,253.018157958984
806,1215.5952,201.681564331055
807,1216.5730,302.584014892578
808,1216.9538,283.341003417969
809,1217.6156,276.399383544922
810,1218.6258,252.679931640625
811,1222.4941,348.130676269531
812,1223.2362,266.263092041016
813,1223.6050,238.545150756836
814,1227.6309,298.3203125
815,1230.2518,260.124267578125
816,1232.6199,339.833374023438
817,1233.2031,289.801727294922
818,1233.6047,317.656219482422
819,1234.6002,217.866882324219
820,1236.6193,249.566589355469
821,1237.2015,209.867645263672
822,1237.6133,223.166564941406
823,1242.6428,278.490905761719
824,1243.2151,260.172637939453
825,1243.6190,270.469055175781
826,1245.6586,777.716247558594
827,1248.6353,239.950668334961
828,1250.1857,315.343933105469
829,1250.6307,337.8603515625
830,1251.1473,505.316192626953
831,1251.6317,239.394683837891
832,1252.6141,275.548828125
833,1252.9303,266.586730957031
834,1253.2455,266.908752441406
835,1253.9377,554.579650878906
836,1256.6459,474.788635253906
837,1256.9169,327.218078613281
838,1257.2001,336.337829589844
839,1257.6387,318.098205566406
840,1258.2318,307.312438964844
841,1258.9401,401.613708496094
842,1262.6277,457.130310058594
843,1262.9271,286.603271484375
844,1263.2145,286.117584228516
845,1263.6284,254.213836669922
846,1264.6320,270.905059814453
847,1265.2150,235.033340454102
848,1265.6229,253.025817871094
849,1266.6226,228.827926635742
850,1267.9418,651.768859863281
851,1271.6288,461.548706054688
852,1271.9253,319.518951416016
853,1272.2055,361.355285644531
854,1272.6393,338.510345458984
855,1273.6590,624.0478515625
856,1274.6524,462.713073730469
857,1284.6550,536.488708496094
858,1288.6688,706.841186523438
859,1289.1787,347.99658203125
860,1289.6730,664.502075195313
861,1290.2041,429.190460205078
862,1290.6491,456.513092041016
863,1291.2566,307.919921875
864,1291.6415,313.283752441406
865,1292.4676,408.624877929688
866,1293.2415,259.543701171875
867,1293.6472,284.284271240234
868,1294.2219,295.885833740234
869,1294.6411,381.405120849609
870,1301.5300,586.883544921875
871,1301.8738,453.666198730469
872,1303.5735,519.852661132813
873,1304.2452,355.081909179688
874,1304.6453,382.925262451172
875,1304.9764,286.328552246094
876,1305.2806,269.719909667969
877,1305.6436,302.689422607422
878,1313.6480,461.466857910156
879,1313.9854,395.764984130859
880,1314.3006,417.735992431641
881,1314.6499,493.335021972656
882,1314.9862,350.512847900391
883,1315.2811,290.802734375
884,1315.6481,331.527404785156
885,1319.6464,269.992309570313
886,1319.9832,273.939422607422
887,1320.3088,298.485595703125
888,1320.6510,332.426422119141
889,1320.9774,261.993499755859
890,1321.2949,271.928863525391
891,1321.6514,400.642211914063
892,1324.6567,490.973724365234
893,1325.1675,360.460693359375
894,1325.6602,363.632537841797
895,1326.1948,299.362579345703
896,1326.6548,389.484588623047
897,1326.9877,315.121551513672
898,1327.2768,316.423614501953
899,1327.6528,332.188293457031
900,1328.0954,216.606094360352
901,1328.6515,214.945770263672
902,1330.6520,342.515045166016
903,1330.9840,255.034851074219
904,1331.2845,245.31428527832
905,1331.6527,288.646118164063
906,1334.6535,230.491058349609
907,1338.6622,377.012847900391
908,1340.6629,294.23974609375
909,1343.6493,242.719924926758
910,1345.6597,269.994354248047
911,1346.6660,240.228744506836
912,1347.6639,254.268096923828
913,1347.9851,235.860290527344
914,1348.3044,253.496185302734
915,1348.6608,292.765014648438
916,1349.6577,218.952224731445
917,1351.6498,359.444244384766
918,1354.5779,286.375274658203
919,1355.6568,220.615097045898
920,1356.6015,238.203323364258
921,1360.6647,331.205413818359
922,1363.6493,441.105743408203
923,1364.6631,279.117431640625
924,1366.0545,353.602966308594
925,1366.6634,340.148712158203
926,1367.6752,312.948547363281
927,1369.4299,459.494140625
928,1371.5925,352.341064453125
929,1373.5365,280.504638671875
930,1375.0865,501.108825683594
931,1375.6751,408.701538085938
932,1377.0462,343.430725097656
933,1377.6745,317.028625488281
934,1380.6042,533.794799804688
935,1381.2386,382.665740966797
936,1381.6831,283.182434082031
937,1386.2671,349.187255859375
938,1398.6973,707.246643066406
939,1399.7468,310.338653564453
940,1404.5047,281.958679199219
941,1408.7207,433.741363525391
942,1409.2258,361.370635986328
943,1409.7086,256.650207519531
944,1415.7184,333.143798828125
945,1415.9879,288.803344726563
946,1416.2364,288.802093505859
947,1416.7004,228.709777832031
948,1419.7737,335.906494140625
949,1420.7403,438.945220947266
950,1421.7538,295.899627685547
951,1422.6241,283.115509033203
952,1422.9974,290.408935546875
953,1423.7082,278.587097167969
954,1424.2370,231.137588500977
955,1430.7003,218.150756835938
956,1438.7187,224.736633300781
957,1445.6951,218.462783813477
958,1446.0180,220.573150634766
959,1446.6949,216.348327636719
960,1449.7072,219.65087890625
961,1452.7128,252.213439941406
962,1461.7036,213.096145629883
963,1465.7231,277.537994384766
964,1469.7444,562.217407226563
965,1470.3175,243.837631225586
966,1470.7247,663.1943359375
967,1471.0141,250.962814331055
968,1471.7103,218.197235107422
969,1472.4970,230.907287597656
970,1473.7071,246.979782104492
971,1474.7214,247.317138671875
972,1481.7090,303.591613769531
973,1482.2164,331.962799072266
974,1482.7146,338.074188232422
975,1484.2564,469.312591552734
976,1485.2811,299.605895996094
977,1486.2302,188.143203735352
978,1486.5088,308.013946533203
979,1489.0184,277.112976074219
980,1492.7732,404.556884765625
981,1500.5114,376.877960205078
982,1504.7627,260.056427001953
983,1508.7771,359.575592041016
984,1509.2832,295.2548828125
985,1509.7659,312.691741943359
986,1510.7496,286.602752685547
987,1512.7817,541.596252441406
988,1518.7642,878.822631835938
989,1519.7574,383.306274414063
990,1523.2876,405.723327636719
991,1523.7822,369.521789550781
992,1528.0403,436.980285644531
993,1528.5287,387.553100585938
994,1530.7748,774.074157714844
995,1531.2622,720.370849609375
996,1531.7744,863.825439453125
997,1532.2680,613.958984375
998,1532.7644,923.587646484375
999,1537.2893,449.115997314453
1000,1537.7827,385.944458007813
1001,1538.2810,322.988616943359
1002,1540.2866,859.947082519531
1003,1540.7832,724.871032714844
1004,1541.2873,538.827575683594
1005,1542.0439,372.423248291016
1006,1542.5305,357.487884521484
1007,1542.7797,796.97314453125
1008,1543.7907,498.072357177734
1009,1545.7758,312.668395996094
1010,1546.2811,273.839111328125
1011,1546.7798,236.730163574219
1012,1551.7830,334.266143798828
1013,1552.2685,418.185821533203
1014,1553.2699,484.2255859375
1015,1557.7829,265.797210693359
1016,1558.2921,250.089248657227
1017,1569.7824,254.170989990234
1018,1579.7493,232.357009887695
1019,1580.7807,292.532135009766
1020,1606.2775,286.975067138672
1021,1607.3072,235.673049926758
1022,1608.3154,301.782653808594
1023,1608.8078,317.956115722656
1024,1612.8107,353.388854980469
1025,1613.0700,339.2392578125
1026,1613.3107,341.239318847656
1027,1615.5638,356.934936523438
1028,1620.0706,438.455657958984
1029,1622.0690,301.609832763672
1030,1622.5695,392.411529541016
1031,1626.7417,496.588104248047
1032,1627.0716,489.858245849609
1033,1627.3204,495.378875732422
1034,1627.5619,406.301361083984
1035,1627.8074,351.633697509766
1036,1629.3222,372.593902587891
1037,1629.5637,376.756011962891
1038,1629.8126,394.027069091797
1039,1630.0658,346.69140625
1040,1633.7448,509.508392333984
1041,1634.0728,490.398681640625
1042,1634.3122,489.031463623047
1043,1634.5623,386.773315429688
1044,1634.8057,355.94873046875
1045,1636.3178,346.282440185547
1046,1636.8122,354.536163330078
1047,1640.7451,419.62451171875
1048,1641.0753,395.496551513672
1049,1641.3169,394.589111328125
1050,1641.8136,309.945892333984
1051,1647.8203,431.837860107422
1052,1647.9925,345.518890380859
1053,1648.8348,583.341186523438
1054,1649.8301,273.591125488281
1055,1654.9937,266.013214111328
1056,1671.8333,119.786315917969
1057,1672.7772,171.189590454102
1058,1686.8374,258.728790283203
1059,1691.8521,346.618438720703
1060,1697.3423,337.176391601563
1061,1697.8424,332.789276123047
1062,1700.8231,205.00439453125
1063,1701.8403,527.322204589844
1064,1706.8495,368.114562988281
1065,1707.3482,370.531707763672
1066,1711.3421,469.759033203125
1067,1711.8501,1848.02551269531
1068,1712.3400,392.460571289063
1069,1712.8630,1349.67102050781
1070,1714.3133,431.592468261719
1071,1714.8373,434.112060546875
1072,1715.3347,360.981903076172
1073,1720.8545,442.271240234375
1074,1721.3410,409.91162109375
1075,1721.8485,363.869476318359
1076,1725.3468,444.969329833984
1077,1725.8496,455.653137207031
1078,1726.3465,384.116058349609
1079,1728.3264,375.603607177734
1080,1728.8487,376.067291259766
1081,1729.8593,316.143005371094
1082,1731.8550,305.295196533203
1083,1732.3575,309.230590820313
1084,1732.8334,317.920776367188
1085,1733.3310,238.549453735352
1086,1734.8508,345.761169433594
1087,1739.3319,315.152313232422
1088,1739.8184,564.783447265625
1089,1740.3097,575.908386230469
1090,1740.8486,565.977783203125
1091,1741.3718,396.739654541016
1092,1741.8229,301.102386474609
1093,1751.8517,264.7724609375
1094,1761.8524,249.525680541992
1095,1801.4207,931.70361328125
1096,1802.4093,789.7958984375
1097,1803.4466,422.327667236328
1098,1886.9355,211.924362182617
1099,1887.8537,329.597076416016
1100,1906.9116,320.252563476563
1101,1907.4357,240.256225585938
1102,1907.8731,234.716171264648
1103,1908.3607,187.957229614258
1104,1908.9107,190.934036254883
1105,1996.9199,149.524810791016
1106,1999.9858,494.323791503906
1107,2001.0011,503.889343261719
1108,2063.0979,118.591636657715
1109,2064.1040,148.241180419922
1110,2065.0445,161.81396484375
1111,2091.0893,241.479278564453
1112,2092.0908,531.000427246094
1113,2093.0538,492.894561767578
1114,2093.9562,143.2314453125
1115,2099.2646,193.347137451172
1116,2100.2130,772.931884765625
1117,2101.1216,650.18408203125
1118,2102.1809,269.262634277344
1119,2104.0795,319.330139160156
1120,2105.1186,320.305725097656
1121,2106.2086,279.525634765625
1122,2109.0256,351.453247070313
1123,2110.0747,665.578125
1124,2111.1101,403.388610839844
1125,2112.1643,344.021118164063
1126,2113.0680,112.558692932129
1127,2122.0874,525.633911132813
1128,2123.0919,438.751892089844
1129,2124.1407,350.902496337891
1130,2127.1790,1140.46533203125
1131,2128.1697,1436.32141113281
1132,2129.1698,1225.34155273438
1133,2130.1919,605.749206542969
1134,2132.0546,298.901245117188
1135,2133.1684,357.522674560547
1136,2137.0353,184.689208984375
1137,2138.1326,185.681030273438
1138,2149.0734,239.804718017578
1139,2150.0963,481.593322753906
1140,2151.1044,184.057006835938
1141,2152.1162,137.790267944336
1142,2155.1551,123.096626281738
1143,2156.2718,670.325439453125
1144,2157.2676,657.898986816406
1145,2162.3055,622.057250976563
1146,2163.4042,523.351013183594
1147,2178.0950,110.252807617188
1148,2179.1088,132.280700683594
1149,2180.1504,108.57689666748
1150,2208.1988,199.34294128418
1151,2209.0940,226.569610595703
1152,2230.1688,337.906860351563
1153,2231.2645,293.972290039063
1154,2232.2811,295.315124511719
1155,2235.1750,297.348052978516
1156,2236.1933,350.523651123047
1157,2263.1593,456.010192871094
1158,2264.1940,435.345184326172
1159,2265.1515,368.802551269531
1160,2266.1716,184.60009765625
1161,2298.4675,229.444229125977
1162,2299.4582,263.021545410156
1163,2299.7803,448.640869140625
1164,2300.3693,286.707794189453
1165,2300.6886,446.626129150391
1166,2349.3141,414.651947021484
1167,2350.2023,384.038513183594
1168,2376.3295,840.998352050781
1169,2377.2441,1036.72326660156
1170,2378.2470,674.348266601563
1171,2379.2912,498.917175292969
1172,2382.2192,438.639099121094
1173,2383.1602,508.12158203125
1174,2393.2814,711.499694824219
1175,2394.3282,1306.66162109375
1176,2395.2483,1318.59338378906
1177,2396.3022,836.855834960938
1178,2397.3284,421.214508056641
1179,2398.2090,409.777282714844
1180,2399.3202,423.653198242188
1181,2404.2356,402.176452636719
1182,2405.2766,463.473449707031
1183,2406.2984,447.280090332031
1184,2407.2206,346.544006347656
1185,2421.3172,391.19287109375
1186,2422.2762,712.498718261719
1187,2423.2469,1194.38830566406
1188,2424.3072,970.4287109375
1189,2425.2477,655.606079101563
1190,2426.2452,223.913970947266
1191,2433.3311,305.997436523438
1192,2434.2396,379.906890869141
1193,2435.2735,255.263580322266
1194,2449.2456,598.539611816406
1195,2450.2887,715.639404296875
1196,2451.3274,2056.7548828125
1197,2452.3349,2206.78247070313
1198,2453.3194,1750.32763671875
1199,2454.3704,851.503295898438
1200,2455.2777,381.687530517578
1201,2461.2149,816.906860351563
1202,2462.3251,1829.1826171875
1203,2463.3585,2766.28979492188
1204,2464.3516,2678.47509765625
1205,2465.2753,1740.45349121094
1206,2466.3649,379.559295654297
1207,2472.3287,211.095748901367
1208,2473.2789,346.244781494141
1209,2474.2828,254.223663330078
1210,2477.2323,260.144134521484
1211,2478.3513,303.250915527344
1212,2479.3101,8784.3466796875
1213,2480.3516,11874.53515625
1214,2481.3413,10065.8486328125
1215,2482.3346,6015.3408203125
1216,2483.3312,3236.29956054688
1217,2484.3443,1571.15161132813
1218,2486.3074,290.916168212891
1219,2487.3918,331.58203125
1220,2489.2399,246.333251953125
1221,2490.3155,3449.68041992188
1222,2491.3131,4237.84716796875
1223,2492.3211,3859.78735351563
1224,2493.3332,3105.9990234375
1225,2493.8516,380.196990966797
1226,2494.3353,1209.41479492188
1227,2494.8321,410.654602050781
1228,2495.3146,507.542755126953
1229,2495.8381,347.758758544922
1230,2496.3825,334.929290771484
1231,2507.3408,17104.234375
1232,2508.3463,25549.1171875
1233,2509.3381,21819.48828125
1234,2510.3384,13313.8486328125
1235,2511.3391,6739.3564453125
1236,2512.3336,3333.87353515625
1237,2517.2121,772.438293457031
1238,2518.3125,3539.7373046875
1239,2519.3095,4442.6162109375
1240,2520.3258,3774.21606445313
1241,2521.2928,3156.90625
1242,2521.8549,411.327545166016
1243,2522.3064,1215.87890625
1244,2522.8415,494.734313964844
1245,2523.3157,947.693969726563
1246,2523.8495,492.866302490234
1247,2524.3969,856.247863769531
1248,2525.2955,344.788482666016
1249,2534.6397,288.442810058594
1250,2535.3691,20096.236328125
1251,2536.3313,29062.458984375
1252,2537.3200,21872.70703125
1253,2538.3453,14275.4345703125
1254,2539.3226,7497.8154296875
1255,2540.3264,3479.1865234375
1256,2541.3047,470.216552734375
1257,2542.4410,382.124786376953
1258,2546.3304,480.648742675781
1259,2547.3054,624.817993164063
1260,2548.3358,489.590576171875
1261,2549.2975,429.786651611328
1262,2550.3825,366.102630615234
1263,2551.3123,685.611999511719
1264,2552.3599,614.551940917969
1265,2553.2968,665.066162109375
1266,2554.4038,227.133377075195
1267,2557.2583,283.733795166016
1268,2558.2657,255.376617431641
1269,2559.2713,269.541290283203
1270,2561.2549,299.959045410156
1271,2562.3419,312.710510253906
1272,2563.3218,9975.259765625
1273,2564.3296,13139.951171875
1274,2565.3773,14294.158203125
1275,2566.3086,9423.3154296875
1276,2567.2397,4340.54736328125
1277,2568.3404,1278.18054199219
1278,2569.3091,662.042785644531
1279,2570.3415,902.433349609375
1280,2571.3027,666.786071777344
1281,2572.4291,371.967193603516
1282,2573.2767,479.358276367188
1283,2574.2474,477.147674560547
1284,2575.2770,446.848358154297
1285,2576.3603,342.821319580078
1286,2580.3574,193.914947509766
1287,2581.3308,252.198852539063
1288,2587.3145,194.451583862305
1289,2588.3263,227.807006835938
1290,2589.2860,239.712829589844
1291,2591.3201,1521.353515625
1292,2592.3449,1994.3818359375
1293,2593.3253,1839.51770019531
1294,2594.3392,1157.5791015625
1295,2595.3301,750.504638671875
1296,2596.3289,1308.15161132813
1297,2597.3101,1449.05200195313
1298,2598.3334,1114.64855957031
1299,2599.3235,939.763854980469
1300,2600.3789,633.622802734375
1301,2601.2858,380.314392089844
1302,2604.4423,375.643218994141
1303,2605.2972,353.089782714844
1304,2608.4091,181.491439819336
1305,2609.2992,222.353866577148
1306,2613.3461,926.35595703125
1307,2614.3144,1057.30322265625
1308,2615.2984,1237.9521484375
1309,2616.3609,1358.93957519531
1310,2617.2966,1431.17102050781
1311,2618.3899,350.981353759766
1312,2619.3016,535.298156738281
1313,2620.3354,746.551391601563
1314,2621.3216,944.231567382813
1315,2622.3117,822.957885742188
1316,2623.3225,460.299957275391
1317,2624.3276,1626.29418945313
1318,2625.3240,2106.10986328125
1319,2626.2830,1789.51940917969
1320,2627.3238,998.493408203125
1321,2628.3412,278.784484863281
1322,2632.2675,427.058837890625
1323,2633.3270,991.188842773438
1324,2634.4227,561.029663085938
1325,2635.3792,1067.48266601563
1326,2636.4001,917.990295410156
1327,2637.3366,1099.51098632813
1328,2638.2992,363.060638427734
1329,2643.3905,790.907104492188
1330,2644.3322,1314.11865234375
1331,2645.2858,1129.96362304688
1332,2646.2843,585.362182617188
1333,2647.2410,333.181121826172
1334,2648.3268,634.933349609375
1335,2649.3552,845.798583984375
1336,2650.3330,238.283493041992
1337,2651.3344,639.37353515625
1338,2652.3661,806.951538085938
1339,2653.3165,933.36279296875
1340,2654.2834,685.462524414063
1341,2655.3589,376.260101318359
1342,2656.3255,385.553192138672
1343,2657.2683,238.016159057617
1344,2658.4245,221.352432250977
1345,2659.3149,329.622894287109
1346,2666.3454,235.761245727539
1347,2667.4375,564.2978515625
1348,2668.4097,669.897521972656
1349,2669.3338,376.342712402344
1350,2671.3118,249.815414428711
1351,2672.4022,458.964019775391
1352,2673.3199,733.450866699219
1353,2674.2571,445.312225341797
1354,2675.2703,408.603912353516
1355,2676.3771,494.220977783203
1356,2677.3329,361.017944335938
1357,2678.3280,630.812927246094
1358,2679.3522,677.51953125
1359,2680.3889,266.708770751953
1360,2684.4829,540.4072265625
1361,2685.3303,534.359130859375
1362,2693.3001,184.758987426758
1363,2694.3909,222.473068237305
1364,2695.3361,242.799407958984
1365,2697.4372,195.653961181641
1366,2698.3317,229.181350708008
1367,2699.2504,173.689697265625
1368,2701.3234,215.705856323242
1369,2702.4851,290.42919921875
1370,2704.3299,305.302703857422
1371,2705.3255,357.2880859375
1372,2706.2372,271.219879150391
1373,2707.3380,264.581878662109
1374,2712.4107,352.825988769531
1375,2713.3465,352.924591064453
1376,2714.2983,202.951599121094
1377,2715.3221,294.042816162109
1378,2716.3597,316.152282714844
1379,2717.3302,315.672515869141
1380,2719.3546,262.826751708984
1381,2720.5286,322.040893554688
1382,2724.4570,365.924499511719
1383,2725.3516,369.164947509766
1384,2727.4130,207.418853759766
1385,2728.3429,197.398895263672
1386,2735.3521,200.033630371094
1387,2736.4252,215.137313842773
1388,2737.3284,207.746719360352
1389,2739.3845,220.485961914063
1390,2740.4226,712.224243164063
1391,2741.3503,660.303649902344
1392,2742.4180,204.600982666016
1393,2751.3283,238.76252746582
1394,2752.3824,293.177612304688
1395,2753.4042,212.157897949219
1396,2762.4099,204.125045776367
1397,2763.4132,206.912063598633
1398,2764.3430,277.315643310547
1399,2765.3028,564.083251953125
1400,2766.4213,581.449951171875
1401,2767.3803,569.943298339844
1402,2768.4082,565.831359863281
1403,2769.4138,722.547241210938
1404,2770.3960,272.457763671875
1405,2774.9659,360.555053710938
1406,2775.4457,416.248840332031
1407,2775.9838,418.409881591797
1408,2776.4698,386.43408203125
1409,2777.3687,293.740447998047
1410,2779.3908,247.442398071289
1411,2780.3761,531.605102539063
1412,2781.4238,541.960571289063
1413,2782.3650,236.654754638672
1414,2784.5023,263.806579589844
1415,2785.3470,287.695007324219
1416,2788.4481,293.355621337891
1417,2788.9714,380.739379882813
1418,2789.4378,447.494934082031
1419,2789.9690,409.303039550781
1420,2790.4488,378.869354248047
1421,2791.3898,262.9873046875
1422,2794.3916,302.471954345703
1423,2795.4047,317.287017822266
1424,2796.4475,274.850067138672
1425,2797.4142,390.699096679688
1426,2798.4190,298.810821533203
1427,2799.4557,281.290222167969
1428,2800.3960,210.993423461914
1429,2802.4386,310.077362060547
1430,2802.9698,369.705810546875
1431,2803.4463,448.388549804688
1432,2803.9750,440.771636962891
1433,2804.4682,381.003448486328
1434,2807.4046,181.055740356445
1435,2808.4347,216.057510375977
1436,2809.3939,225.960754394531
1437,2810.5987,198.430267333984
1438,2811.5233,256.638488769531
1439,2816.8028,363.767517089844
1440,2817.9730,399.047729492188
1441,2819.4346,244.524322509766
1442,2820.4792,429.454956054688
1443,2821.3819,486.392700195313
1444,2824.4070,613.5625
1445,2825.4282,860.094604492188
1446,2826.4578,823.820922851563
1447,2827.4370,643.30126953125
1448,2828.4076,462.724609375
1449,2832.5613,333.211578369141
1450,2833.3984,416.150787353516
1451,2835.4553,181.983245849609
1452,2836.4200,258.591186523438
1453,2846.4998,637.615356445313
1454,2847.4573,811.512390136719
1455,2848.4409,848.010803222656
1456,2849.4418,339.091430664063
1457,2850.4560,269.370300292969
1458,2852.3579,238.214370727539
1459,2852.6627,342.549652099609
1460,2853.4754,968.886413574219
1461,2854.4156,911.552001953125
1462,2855.3687,605.148071289063
1463,2856.4598,551.346557617188
1464,2857.4241,612.561767578125
1465,2858.4530,269.453460693359
1466,2859.5767,657.622924804688
1467,2860.5996,440.919891357422
1468,2861.4478,465.019805908203
1469,2870.4659,316.653228759766
1470,2871.4651,337.433776855469
1471,2872.4691,334.147247314453
1472,2874.4898,934.835632324219
1473,2875.4244,1202.25
1474,2876.4458,956.2021484375
1475,2877.4495,527.601440429688
1476,2878.4256,386.6767578125
1477,2879.4124,222.703201293945
1478,2880.3983,427.451629638672
1479,2881.4450,927.987976074219
1480,2882.3860,1008.91046142578
1481,2883.4879,271.511322021484
1482,2884.4417,286.090881347656
1483,2885.4340,259.155914306641
1484,2891.3833,202.580261230469
1485,2892.5161,217.404327392578
1486,2893.4551,279.889495849609
1487,2895.5041,263.969299316406
1488,2896.3866,531.906616210938
1489,2897.4240,550.9970703125
1490,2898.4676,444.726623535156
1491,2899.4852,744.710510253906
1492,2900.4968,740.99658203125
1493,2901.4982,739.693603515625
1494,2902.4693,1304.14904785156
1495,2903.4666,1558.4375
1496,2904.4868,1715.57214355469
1497,2905.4382,513.223083496094
1498,2906.4283,310.518127441406
1499,2907.4513,258.838409423828
1500,2908.3981,501.973815917969
1501,2909.4783,754.510620117188
1502,2910.5214,1168.66748046875
1503,2911.4715,1115.49682617188
1504,2912.4923,281.056091308594
1505,2913.4932,263.003326416016
1506,2919.4503,197.537933349609
1507,2920.4657,243.798446655273
1508,2926.4497,133.749542236328
1509,2927.5042,1153.43383789063
1510,2928.5294,1795.72045898438
1511,2929.4799,1765.78039550781
1512,2930.4756,1467.14929199219
1513,2931.4745,403.305419921875
1514,2934.4877,249.26481628418
1515,2935.4215,985.24462890625
1516,2936.4407,1633.7666015625
1517,2937.4932,1857.77770996094
1518,2938.4846,1297.51281738281
1519,2939.4800,496.789337158203
1520,2940.5019,377.255615234375
1521,2941.4750,277.173370361328
1522,2943.5794,241.135437011719
1523,2944.4525,242.567398071289
1524,2945.3861,213.061065673828
1525,2946.4721,247.872344970703
1526,2947.4340,247.578704833984
1527,2948.4131,385.529754638672
1528,2949.4969,441.55126953125
1529,2952.4802,456.63037109375
1530,2953.4899,530.726745605469
1531,2954.4685,562.578002929688
1532,2955.5001,1839.45471191406
1533,2956.5036,2466.65014648438
1534,2957.5173,2128.3955078125
1535,2958.5275,1440.73291015625
1536,2959.4820,1164.59521484375
1537,2960.4434,533.966918945313
1538,2961.4535,478.770690917969
1539,2962.4925,231.173477172852
1540,2963.4241,1128.57421875
1541,2964.4413,1860.63049316406
1542,2965.4414,2069.54345703125
1543,2966.4588,1664.62426757813
1544,2967.5083,284.174743652344
1545,2970.5530,339.58154296875
1546,2971.5242,357.590637207031
1547,2972.5059,527.854187011719
1548,2973.5123,584.975952148438
1549,2974.4925,574.481323242188
1550,2975.4237,197.281646728516
1551,2976.6073,269.017547607422
1552,2977.5110,1407.95239257813
1553,2978.5298,1528.02307128906
1554,2979.5384,980.853332519531
1555,2980.4547,776.060852050781
1556,2981.5100,944.839660644531
1557,2982.4708,484.840942382813
1558,2983.4744,1286.990234375
1559,2984.5336,3070.57348632813
1560,2985.5579,3600.7421875
1561,2986.5560,3498.58837890625
1562,2986.9949,371.523529052734
1563,2987.5622,2506.400390625
1564,2988.0069,349.115417480469
1565,2988.5506,1712.11010742188
1566,2989.5252,396.723571777344
1567,2990.5313,533.040893554688
1568,2991.4673,1219.16589355469
1569,2992.4431,1688.15856933594
1570,2993.4418,1617.15319824219
1571,2994.5180,1693.93310546875
1572,2995.5378,3711.13818359375
1573,2996.5579,4641.75146484375
1574,2997.5642,4152.830078125
1575,2998.5446,3032.82666015625
1576,2999.5241,2030.3779296875
1577,3000.5221,1086.56005859375
1578,3001.5223,406.569274902344
1579,3002.5204,311.624084472656
1580,3005.5267,1852.24816894531
1581,3006.5426,2732.0927734375
1582,3007.5571,2762.95288085938
1583,3008.5335,2063.62280273438
1584,3009.5012,1460.43359375
1585,3010.5081,980.016723632813
1586,3011.4835,814.281188964844
1587,3012.5784,8874.8134765625
1588,3013.5846,14783.06640625
1589,3014.5881,14195.818359375
1590,3015.5807,10242.46875
1591,3016.5721,6222.11279296875
1592,3017.5672,3381.69921875
1593,3018.5662,1093.30310058594
1594,3019.5044,533.004150390625
1595,3020.3872,762.008972167969
1596,3021.4910,1270.28295898438
1597,3022.5522,3117.39868164063
1598,3023.5639,7506.6826171875
1599,3024.5621,9996.818359375
1600,3025.5592,8137.76953125
1601,3026.5591,6009.87890625
1602,3027.5826,3856.85473632813
1603,3028.5581,1994.49523925781
1604,3029.5423,366.02978515625
1605,3032.4513,288.522705078125
1606,3033.5368,1777.73461914063
1607,3034.5398,2384.98364257813
1608,3035.5416,2389.3466796875
1609,3036.5391,1961.79321289063
1610,3037.5378,621.821899414063
1611,3038.5249,445.572967529297
1612,3040.5874,19749.16015625
1613,3041.5826,34952.3984375
1614,3042.5859,34142.1484375
1615,3043.5816,24564.298828125
1616,3044.5744,14401.103515625
1617,3045.5689,7605.52734375
1618,3046.5549,3543.79028320313
1619,3047.5494,1853.5283203125
1620,3049.5151,913.520385742188
1621,3050.5687,3844.3779296875
1622,3051.5631,9791.0966796875
1623,3052.5588,12385.763671875
1624,3053.5553,10765.4765625
1625,3054.5596,7216.76318359375
1626,3055.5497,4428.8232421875
1627,3056.5277,2626.21557617188
1628,3057.5634,409.538604736328
1629,3058.5596,298.288055419922
1630,3060.5645,631.802490234375
1631,3061.5439,1005.64978027344
1632,3062.5482,1288.28735351563
1633,3063.5491,1299.29077148438
1634,3064.5526,1122.58251953125
1635,3065.5485,565.346801757813
1636,3066.5431,470.381652832031
1637,3067.5370,483.32373046875
1638,3068.5848,25363.158203125
1639,3069.5850,44852.90625
1640,3070.5832,44307.47265625
1641,3071.5778,31459.6875
1642,3072.5748,18272.771484375
1643,3073.5669,9319.345703125
1644,3074.5599,4205.5234375
1645,3075.5475,2206.32373046875
1646,3077.5116,1208.62634277344
1647,3078.5620,3031.91845703125
1648,3079.5574,6687.07470703125
1649,3080.5566,7469.0703125
1650,3081.5553,6399.6484375
1651,3082.5535,4191.7041015625
1652,3083.5561,2939.6904296875
1653,3084.5537,2594.80859375
1654,3085.5600,684.636352539063
1655,3086.5557,591.522583007813
1656,3087.5640,278.569122314453
1657,3088.5630,1164.70471191406
1658,3089.5396,1268.00158691406
1659,3090.5381,1290.1796875
1660,3091.5440,985.197509765625
1661,3092.5044,853.3671875
1662,3093.5555,874.881958007813
1663,3094.5480,541.824584960938
1664,3095.5414,468.631988525391
1665,3096.5795,16953.224609375
1666,3097.5814,30141.22265625
1667,3098.5799,29738.94140625
1668,3099.5762,21232.333984375
1669,3100.5737,12274.3427734375
1670,3101.5693,6285.80078125
1671,3102.5654,3236.12939453125
1672,3103.5511,1537.37133789063
1673,3105.5284,416.232116699219
1674,3106.5576,1320.04772949219
1675,3107.5538,3352.18969726563
1676,3108.5546,3913.4541015625
1677,3109.5526,3450.6767578125
1678,3110.5577,2351.62182617188
1679,3111.5562,1634.095703125
1680,3112.5675,878.691162109375
1681,3113.5651,1561.80493164063
1682,3114.5756,1408.5390625
1683,3115.5667,944.277160644531
1684,3116.5639,749.033447265625
1685,3117.5601,372.854736328125
1686,3119.5472,349.987243652344
1687,3120.5495,352.978851318359
1688,3121.5438,338.1279296875
1689,3122.5376,364.877502441406
1690,3124.5754,7395.96484375
1691,3125.5755,12628.7822265625
1692,3126.5769,12459.857421875
1693,3127.5750,9048.6025390625
1694,3128.5743,5367.24951171875
1695,3129.5685,3041.9375
1696,3130.5878,1742.33569335938
1697,3133.5161,302.936950683594
1698,3134.5550,682.618041992188
1699,3135.5205,1290.03479003906
1700,3136.5409,689.847900390625
1701,3137.5526,673.9443359375
1702,3138.5472,1026.85803222656
1703,3139.5858,766.756896972656
1704,3140.5940,739.659790039063
1705,3141.5107,916.348388671875
1706,3142.5442,259.132629394531
1707,3143.5707,204.344100952148
1708,3146.5961,428.347045898438
1709,3147.5439,454.508361816406
1710,3148.5813,615.776794433594
1711,3149.5408,524.099365234375
1712,3150.4729,618.039184570313
1713,3151.6008,465.921447753906
1714,3152.5679,1532.09350585938
1715,3153.5639,2327.8369140625
1716,3154.5781,2407.88720703125
1717,3155.5728,1852.87072753906
1718,3156.5818,1344.91918945313
1719,3157.5756,924.361511230469
1720,3158.5803,398.768432617188
1721,3162.3803,234.057846069336
1722,3163.4900,272.742980957031
1723,3164.5524,399.567352294922
1724,3165.5393,419.952545166016
1725,3166.5590,311.153076171875
1726,3167.5906,269.86767578125
1727,3168.5604,302.739379882813
1728,3169.5835,314.531311035156
1729,3170.5719,235.772308349609
1730,3171.5578,200.172607421875
1731,3177.5526,194.173492431641
1732,3178.5423,272.660919189453
1733,3179.5446,250.458129882813
1734,3180.5307,295.813781738281
1735,3181.5481,321.83837890625
1736,3182.5593,241.192733764648
1737,3183.5828,898.309936523438
1738,3184.5959,1069.59399414063
1739,3185.5888,1115.2314453125
1740,3186.5741,633.044006347656
1741,3187.5680,505.622344970703
1742,3194.5748,224.917510986328
1743,3195.4697,304.034088134766
1744,3196.6215,283.974792480469
1745,3197.5853,189.861831665039
1746,3198.5589,192.575592041016
1747,3199.5887,194.710098266602
1748,3209.5936,180.054580688477
1749,3210.5786,435.852203369141
1750,3211.5813,636.59716796875
1751,3212.6107,700.429443359375
1752,3213.6082,669.450439453125
1753,3214.5897,325.73291015625
1754,3215.5930,236.689819335938
1755,3216.5814,188.346908569336
1756,3219.6141,187.065185546875
1757,3220.6034,321.689880371094
1758,3221.5416,470.033508300781
1759,3222.5377,519.716796875
1760,3223.5766,223.057342529297
1761,3224.5462,385.120025634766
1762,3225.5818,214.65934753418
1763,3237.4471,221.102157592773
1764,3238.6088,234.807220458984
1765,3239.5147,704.060302734375
1766,3240.6213,773.507141113281
1767,3241.6044,667.035278320313
1768,3242.5942,239.930084228516
1769,3243.6106,490.269226074219
1770,3244.6293,370.704010009766
1771,3245.6355,414.162170410156
1772,3246.6080,315.779052734375
1773,3252.6317,195.998260498047
1774,3253.5948,284.590148925781
1775,3254.5978,220.779739379883
1776,3255.6272,203.187881469727
1777,3265.5892,182.296035766602
1778,3266.6334,216.318756103516
1779,3267.6281,281.645477294922
1780,3268.6206,306.559692382813
1781,3269.6145,214.611053466797
1782,3270.6241,224.649230957031
1783,3271.6138,277.951416015625
1784,3272.6509,214.660308837891
1785,3273.6521,221.089492797852
1786,3276.5442,285.214904785156
1787,3277.6298,425.431762695313
1788,3278.6433,369.975708007813
1789,3279.5839,485.227844238281
1790,3280.6006,476.194274902344
1791,3281.6361,217.009185791016
1792,3294.6425,293.257446289063
1793,3295.6290,438.665588378906
1794,3296.6324,389.497009277344
1795,3297.6336,303.258087158203
1796,3303.5433,192.439147949219
1797,3304.6660,234.366638183594
1798,3305.6096,210.650955200195
1799,3306.5813,234.131820678711
1800,3309.6390,240.271301269531
1801,3310.6151,337.399475097656
1802,3311.6631,237.945877075195
1803,3312.6440,230.231536865234
1804,3315.6202,180.123321533203
1805,3316.6509,252.384048461914
1806,3317.6656,206.745254516602
1807,3318.6315,210.042770385742
1808,3321.6270,406.6484375
1809,3322.6644,631.205200195313
1810,3323.6415,802.423950195313
1811,3324.6239,806.178833007813
1812,3325.5998,685.126342773438
1813,3332.5891,479.772888183594
1814,3333.6457,867.65966796875
1815,3334.6611,385.18310546875
1816,3335.6496,975.288635253906
1817,3336.5831,1039.01513671875
1818,3343.6607,256.025451660156
1819,3344.6689,735.880920410156
1820,3345.6362,1056.61608886719
1821,3346.6830,1245.9873046875
1822,3347.6889,878.520263671875
1823,3348.5994,378.031494140625
1824,3350.6269,339.885437011719
1825,3351.5876,2212.58374023438
1826,3352.6581,2853.91650390625
1827,3353.6912,2766.974609375
1828,3354.6760,2226.89990234375
1829,3355.6708,741.832885742188
1830,3361.6877,685.845581054688
1831,3362.7131,2955.88623046875
1832,3363.6698,3637.05517578125
1833,3364.6551,3399.64331054688
1834,3365.6506,2558.65307617188
1835,3366.7204,1342.84826660156
1836,3367.7165,800.648315429688
1837,3371.6227,1081.95190429688
1838,3372.6515,2409.5830078125
1839,3373.6640,3465.42138671875
1840,3374.6672,3154.84912109375
1841,3375.6478,2413.92431640625
1842,3376.6271,1758.29711914063
1843,3377.6684,688.30810546875
1844,3379.6953,4166.78173828125
1845,3380.7002,7150.1611328125
1846,3381.6984,7524.4892578125
1847,3382.6951,5926.361328125
1848,3383.6838,3595.51220703125
1849,3384.6691,2089.9677734375
1850,3385.6500,1315.14624023438
1851,3389.6859,4152.78271484375
1852,3390.6769,9136.822265625
1853,3391.6764,11644.041015625
1854,3392.6727,10230.8125
1855,3393.6659,7350.06640625
1856,3394.7192,4118.3193359375
1857,3395.6168,3299.556640625
1858,3396.4539,1400.31604003906
1859,3399.6664,1141.79321289063
1860,3400.6570,3320.623046875
1861,3401.6729,4577.74462890625
1862,3402.6725,4140.86376953125
1863,3403.6456,2877.5166015625
1864,3404.6009,2136.73364257813
1865,3405.6980,724.015258789063
1866,3407.6998,14219.7919921875
1867,3408.6987,26949.6875
1868,3409.6975,28950.80859375
1869,3410.6913,22234.4921875
1870,3411.6860,14034.2021484375
1871,3412.6755,7963.3828125
1872,3413.6765,3990.81591796875
1873,3414.6947,2253.39892578125
1874,3417.6880,3023.99755859375
1875,3418.6723,6995.29345703125
1876,3419.6726,9049.5283203125
1877,3420.6665,8085.20947265625
1878,3421.6653,5880.333984375
1879,3422.6685,3135.251953125
1880,3423.6638,1751.8564453125
1881,3427.7295,962.241760253906
1882,3428.6063,1496.27783203125
1883,3429.6516,1884.32763671875
1884,3430.6593,1669.17919921875
1885,3431.6359,1312.419921875
1886,3432.6698,311.622985839844
1887,3433.6411,244.652954101563
1888,3435.6939,18070.736328125
1889,3436.6946,34394.75390625
1890,3437.6946,37438.875
1891,3438.6878,28783.509765625
1892,3439.6841,18053.908203125
1893,3440.6663,9952.884765625
1894,3441.6798,5180.38720703125
1895,3442.6957,2642.59814453125
1896,3444.6477,521.577697753906
1897,3445.6734,4015.71459960938
1898,3446.6756,7996.0029296875
1899,3447.6679,6104.36083984375
1900,3448.6584,5509.02587890625
1901,3449.6677,6559.14111328125
1902,3450.6748,3664.779296875
1903,3451.6583,1944.02075195313
1904,3452.6808,763.163513183594
1905,3455.6804,531.029296875
1906,3456.6662,626.620483398438
1907,3457.6629,721.287231445313
1908,3458.6647,709.5576171875
1909,3459.6623,598.008422851563
1910,3463.6869,13218.39453125
1911,3464.6824,24516.1875
1912,3465.6898,26804.408203125
1913,3466.6878,20418.61328125
1914,3467.6813,12677.6220703125
1915,3468.6715,7005.1767578125
1916,3469.6827,3681.51391601563
1917,3470.6977,2037.31579589844
1918,3472.6772,525.329711914063
1919,3473.6765,2088.92041015625
1920,3474.6557,3806.33837890625
1921,3475.6594,4524.4111328125
1922,3476.6575,4132.17724609375
1923,3477.6799,2801.55615234375
1924,3478.6950,1606.23779296875
1925,3488.6838,396.147521972656
1926,3489.6688,457.778228759766
1927,3490.6669,538.809997558594
1928,3491.6856,5725.3125
1929,3492.6819,10158.90625
1930,3493.6868,10945.3193359375
1931,3494.6902,8285.7783203125
1932,3495.6707,5477.03564453125
1933,3496.6482,3052.11083984375
1934,3497.7028,1670.72094726563
1935,3498.6772,502.7001953125
1936,3500.6707,357.35400390625
1937,3501.6633,475.246734619141
1938,3502.6680,684.87744140625
1939,3503.6701,714.040161132813
1940,3504.6713,640.144165039063
1941,3515.7094,304.349517822266
1942,3516.6916,337.649261474609
1943,3517.6794,434.7265625
1944,3518.6629,451.643829345703
1945,3519.6664,1750.38488769531
1946,3520.6772,2570.29638671875
1947,3521.6881,2654.41552734375
1948,3522.6934,2088.79541015625
1949,3523.6945,1365.68432617188
1950,3524.6971,550.055541992188
1951,3528.6824,249.281280517578
1952,3529.6863,319.448883056641
1953,3530.6818,288.905975341797
1954,3531.6859,295.564056396484
1955,3533.7079,303.496978759766
1956,3534.7047,348.505279541016
1957,3535.7186,335.309539794922
1958,3536.7147,277.640533447266
1959,3537.7026,253.121978759766
1960,3539.7231,210.164962768555
1961,3540.7426,267.484985351563
1962,3541.7850,325.52099609375
1963,3542.7934,311.724914550781
1964,3543.7605,285.126068115234
1965,3544.7363,311.843017578125
1966,3545.7266,352.350982666016
1967,3546.7138,424.777282714844
1968,3547.7475,504.623931884766
1969,3548.7176,431.763031005859
1970,3549.6401,462.548858642578
1971,3550.7910,512.751281738281
1972,3551.7249,405.334777832031
1973,3552.6771,406.45703125
1974,3553.7652,367.087219238281
1975,3554.7425,271.865570068359
1976,3555.6915,249.174346923828
1977,3556.7542,281.308532714844
1978,3557.7445,280.178131103516
1979,3558.7197,281.427215576172
1980,3559.7445,243.144897460938
1981,3560.7291,218.247283935547
1982,3561.7219,243.261138916016
1983,3562.7301,269.241241455078
1984,3563.7380,270.142364501953
1985,3564.7040,249.63688659668
1986,3566.8126,242.925262451172
1987,3567.6748,281.303833007813
1988,3568.7988,316.123474121094
1989,3569.7941,311.583129882813
1990,3570.7903,300.815612792969
1991,3572.7977,262.451843261719
1992,3573.7944,944.933959960938
1993,3574.8450,1261.72631835938
1994,3575.8156,1117.0556640625
1995,3576.7721,942.964111328125
1996,3577.7912,339.863098144531
1997,3582.7304,260.082153320313
1998,3583.7799,297.086517333984
1999,3584.7355,565.624328613281
2000,3585.7681,709.832275390625
2001,3586.8221,631.989624023438
2002,3587.7678,260.134033203125
2003,3596.7987,247.740341186523
2004,3597.7759,298.901947021484
2005,3598.8200,344.522430419922
2006,3599.8511,310.671142578125
2007,3600.7740,314.658203125
2008,3601.8159,602.982360839844
2009,3602.8269,804.679321289063
2010,3603.8193,858.880432128906
2011,3604.8253,706.212951660156
2012,3605.8282,497.50048828125
2013,3606.7827,347.925933837891
2014,3612.7587,238.806015014648
2015,3613.7960,332.744781494141
2016,3614.7963,294.521789550781
2017,3615.7743,271.035430908203
2018,3624.7627,225.351028442383
2019,3625.8036,270.001953125
2020,3626.8213,241.344451904297
2021,3627.7850,231.144790649414
2022,3628.7940,215.725860595703
2023,3629.8206,1108.17333984375
2024,3630.8364,1849.91748046875
2025,3631.8246,2101.150390625
2026,3632.8153,1710.13940429688
2027,3633.7765,1346.53662109375
2028,3634.8791,375.532379150391
2029,3657.8044,852.632446289063
2030,3658.8373,1342.49133300781
2031,3659.8165,1399.70190429688
2032,3660.8014,1166.89831542969
2033,3661.8116,890.517333984375
2034,3662.8284,592.435913085938
2035,3663.7761,233.34098815918
2036,3684.6994,338.817962646484
2037,3685.8322,390.877319335938
2038,3686.7942,407.918579101563
2039,3687.7959,381.905914306641
2040,3688.8175,368.030426025391
2041,3689.8346,298.393280029297
2042,3747.7784,247.349700927734
2043,3748.8704,313.486114501953
2044,3749.8002,309.189727783203
2045,3750.6437,301.782104492188
2046,3830.8081,293.512023925781
2047,3831.7476,382.897583007813
2048,3832.8546,461.502593994141
2049,3833.7961,347.903991699219
2050,3834.7384,296.614776611328
2051,3968.9719,326.997863769531
2052,3969.9289,492.893524169922
2053,3970.9441,648.651733398438
2054,3971.9893,512.789611816406
2055,3972.8456,424.059295654297
2056,3986.9794,229.345108032227
2057,3987.9356,323.618774414063
2058,3988.9553,404.685485839844
2059,3989.9751,331.587615966797
2060,3990.8500,284.170837402344
2061,3996.8642,328.1806640625
2062,3997.9548,536.310729980469
2063,3998.9475,565.877685546875
2064,3999.9249,491.058837890625
2065,4000.9433,410.594207763672
2066,4001.9424,265.048187255859
2067,4024.9641,338.770599365234
2068,4025.9423,434.169616699219
2069,4026.9249,484.503753662109
2070,4027.9425,463.443603515625
2071,4028.9451,337.419738769531
2072,4029.9036,256.715911865234
2073,4189.9083,507.088897705078
2074,4190.8317,320.708892822266
2075,4191.9720,578.030700683594
